texts,articles
"В Санкт-Петербурге у «Лахта Центра» открыли памятник «Петр I, спасающий утопающих близ Лахты». Об этом сообщается в Telegram-канале городского правительства.«Это большой подарок городу от «Газпрома». Петр Первый взял на себя ответственность за всю нашу Россию, за живущих в ней людей. И сегодня мы благодарны ему за то, что он дал новый импульс развитию нашей страны, основал наш город», — сказал губернатор Александр Беглов.Скульптором монумента является Степан Мокроусов-Гульельми, архитектором — Михаил Мамошин. Первый российский император изображен выходящим из бушующих волн и поддерживающим двух обессилевших матросов. Высота памятника составляет 7 м.Он был создан по мотивам памятника Леопольда Бернштама «Петр I, спасающий рыбаков близ Лахты». В основе композиции того монумента лежала легенда о причине смерти Петра I. Академик Якоб Штелин утверждал, что 5 ноября 1724 года император обнаружил у Лахты севший на мель бот (одномачтовое судно) с людьми и бросился их спасать, в результате чего простудился и заболел. Однако памятник был демонтирован в 1919 году.В Москве на ВДНХ по случаю 350-летнего юбилея со дня рождения императора была открыта мультимедийная выставка «Петр I. Рождение империи». Ее 9 июня посетил президент России Владимир Путин.Глава СК Александр Бастрыкин написал стихотворение, приуроченное к 350-летней годовщине со дня рождения Петра I. Произведение называется «Ода на Юбилей Петра Первого».Поделитесь впечатлениями",В Петербурге открыли «большой подарок от «Газпрома»
"Российские санкции против компании Gazprom Germania и дочерних предприятий, находящихся под ее управлением, могут обойтись потребителям газа в Германии в дополнительные €5 млрд в год, пишет Welt am Sonntag со ссылкой на неназванных представителей отрасли.Компании являлись «дочками» российского «Газпрома», однако последний прекратил в них участие с 1 апреля. 11 мая Россия ввела санкции против Gazprom Germania и ряда компаний, находящихся под ее управлением. На следующий день вице-канцлер ФРГ, министр по делам экономики и защиты климата Роберт Хабек сообщил, что бывшие дочерние предприятия «Газпрома» больше не получают газ. При этом он заверил, что рынок сможет компенсировать выпадающие поставки.Welt пишет, что переориентация на других поставщиков газа будет создавать сильную нагрузку на федеральный бюджет, так как газ будет закупаться по более высоким ценам. По данным издания, с середины мая МВт·ч природного газа обходился Германии примерно в €85, тогда как обычная стоимость до начала российской операции составляла от €20 до €30.По оценке властей, ФРГ после прекращения поставок Gazprom Germania и ее «дочкам» необходимы дополнительные 10 млн куб. м газа в день, что будет стоить около €3,5 млрд в год, утверждает издание. Остальные затраты будут приходиться на заполнения газом хранилища Реден в Нижней Саксонии. К 1 октября оно должно быть заполнено на 80%. Как пишет Welt, заполнение может идти очень медленно, поэтому у Берлина нет времени ждать, когда упадут цены на газ, и процесс нужно начинать уже сейчас.С октября для потребителей газа будет установлена новая надбавка для компенсации выросших расходов, уточняет газета.Министерство экономики и защиты климата Германии не стало комментировать возможные дополнительные траты на закупку газа, сославшись на коммерческую тайну.В мае Хабек уже заявлял, что ответные санкции России могут привести к росту трат Германии на то, чтобы обеспечить страну газом. Он пояснял, что потребуется заключать новые договоры, возможно, по более высоким ценам. Министр заверял, что у Берлина есть план замещения российских поставок.","Welt узнала, что санкции против Gazprom Germania обойдутся ФРГ в €5 млрд"
"Австрийская OMV заплатила «Газпрому» по новой схеме, сообщили «РИА Новости» в компании.«OMV выполнила процесс платежа, соответствующий требованиям санкций. Платеж уже был произведен и по-прежнему номинирован в евро», — сказал представитель OMV.В компании заявили, что считают платежное обязательство исполненным после перечисления средств в европейской валюте.РБК обратился за комментарием в «Газпром» и OMV.В конце марта Россия объявила о новом механизме оплаты газа. Поводом к этому послужили западные санкции, из-за которых страна лишилась доступа примерно к половине золотовалютных резервов.Чтобы защитить от заморозки средства, поступающие от продажи российского газа, его покупателей обязали открыть в Газпромбанке два счета: валютный и рублевый. Оплата будет приходить на первый, а затем банк будет конвертировать полученные средства и зачислять их на рублевый счет.В Еврокомиссии эту схему сочли попыткой обойти санкции и изначально призвали компании не соглашаться на российские требования. Однако позже ЕК обновила рекомендации, заявив, что санкции не запрещают открывать счета в Газпромбанке и оплачивать газ в валюте, указанной в контракте. Но после оплаты в евро или долларах компании должны сделать «четкое заявление», что оплата произведена и они считают свои обязательства исполненными.Ряд компаний согласились оплачивать поставки по новой схеме, среди них OMV, которая в мае открыла в Газпромбанке рублевый счет, и основной импортер российского газа в Германии концерн Uniper. В те страны, которые отказались производить расчеты по предложенному механизму, «Газпром» остановил поставки. В их числе Нидерланды, Болгария, Польша и Финляндия.Поделитесь впечатлениями",Австрийская OMV оплатила российский газ по новой схеме
"Поставки газа российским потребителям в мае, который стал одним из самых холодных в европейской части России за всю историю наблюдений, трижды обновляли исторический суточный максимум для этого месяца, сообщается на сайте «Газпрома».«Поставки газа российским потребителям по единой системе газоснабжения 22 раза достигали рекордных суточных показателей за десять лет. Большинство рекордов пришлось на вторую половину мая, а с 3 по 5 мая был трижды обновлен абсолютный исторический суточный максимум для этого месяца», — говорится в сообщении.Подводя итоги первых пяти месяцев 2022 года, в компании отметили, что поставки из газотранспортной системы на внутренний рынок находятся на уровне прошлого года. При этом в мае они были на 17,7% выше прошлогоднего показателя.В Москве прошедший май стал самым холодным с начала XXI века, сообщил РБК ведущий специалист центра погоды «Фобос» Михаил Леус. По его словам, средняя температура была плюс 10,6 градуса. При этом по климатическим характеристикам в мае в Москве температура должна подниматься до плюс 20 градусов как минимум восемь–десять раз в месяц, но такая температура наблюдалась только два раза.Лето, по словам научного руководителя Гидрометцентра Романа Вильфанда, холодным не будет. Температура будет около и выше нормы, прогнозирует он.",Поставки газа россиянам в холодном мае трижды побили исторический рекорд
"«Газпром» полностью остановил поставку газа датской Orsted Salg & Service и Shell Energy Europe Limited из-за неоплаты в рублях, сообщила российская компания в Telegram.Холдинг сообщил, что не получил от компаний платежи за поставки газа в апреле до конца рабочего дня 31 мая. Они должны были пройти в рублях с использованием новых реквизитов, о чем «Газпром» уведомил контрагентов.В 2021 году «Газпром экспорт» поставил компании Orsted Salg & Service 1,97 млрд куб. м газа (около 2/3 от общего объема потребления газа в Дании).Контракт между «Газпром экспортом» и Shell Energy Europe Limited на поставку газа в Германию предусматривал объем до 1,2 млрд куб. м газа в год.Новая схема оплаты газа для недружественных стран начала действовать в России с 1 апреля. Согласно указу президента, компании из таких государств должны открыть два счета в Газпромбанке в валюте и рублях. Банк должен получить евро или доллары, а затем конвертировать их в рубли на Московской бирже и зачислить рубли на второй счет.Некоторые страны согласились на поставки в рублях, однако Еврокомиссия сочла такой способ оплаты газа обходом санкций, введенных против России после начала военных действий на Украине. Из-за отказа платить в российской валюте «Газпром» остановил поставки в Нидерланды, Болгарию, Польшу и Финляндию.Датская Orsted отказалась платить за газ в рублях еще в начале апреля, при том что на долю России приходилось 80% закупаемого газа, писал Bloomberg. По данным агентства, контракт должен был истечь в конце десятилетия.Англо-голландская Shell заявила о постепенном отказе от закупок российской нефти, а также нефтепродуктов, трубопроводного газа и СПГ еще в начале марта. При этом у компании оставался ряд долгосрочных контрактов, в том числе на получение 1,2 млрд куб. м газа ежегодно с поставкой в Германию до 2031 года, передавал Bloomberg. Агентство отмечало, что компания может испытывать трудности с оплатой из-за санкций Великобритании против Газпромбанка.Поделитесь впечатлениями",«Газпром» подтвердил остановку поставок датской Orsted и британской Shell
"Закупочная цена российского природного газа для Молдавии в июне составит порядка $880 за 1 тыс. куб. м с учетом теплотворной способности, написал в Telegram председатель правления «Молдовагаза» Вадим Чебан.«Поставки природного газа в Республику Молдова идут в штатном режиме, согласно условиям контракта», — добавил он.Майский контракт устанавливал цену $920 за 1 тыс. куб. м, говорил вице-премьер страны Андрей Спыну. Тогда же он отметил, что в апреле этот показатель почти достиг $1200. «Хорошо, что к концу мая цены начали снижаться, у нас цены на газ около $900», — подчеркнул он. Спыну сообщил, что сложилась «беспрецедентная ситуация», когда летние цены стали превышать зимние, хотя прежде в Кишиневе были уверены, что смогут оплачивать поставки газа из России.Чебан указал, что действующие тарифы на газ для молдаван не позволяют покрывать расходы на закупки газа у России, что вынуждает власти повысить тарифы.По этой причине «Молдовагаз» обратился в Национальное агентство по регулированию энергетики (НАРЭ) с просьбой пересмотреть тарифы для жителей страны, повысив их почти на 60% с 1 июня — стоимость 1 куб. м газа должна была вырасти с 14,6 лея (47,1 руб. по курсу ЦБ на 1 июня) до 22,23 лея (71,8 руб.), передавал Jurnal TV. Чебан заверял, что цены снизятся с началом отопительного сезона.НАРЭ при этом повысило тариф, но не до того уровня, о котором просил «Молдовагаз» — 18,6 лея (60 руб.), он будет действовать с 1 июня по 1 октября, передает Jurnal TV. В компании остались недовольны решением регулятора, предупредив, что это неизбежно приведет к новому повышению тарифа. В «Молдовагазе» отмечают, что тарифы пришлось пересмотреть из-за «значительного роста закупочных цен». В утвержденном НАРЭ тарифе предусмотрено, что газ закупается по $696 за 1 тыс. куб. м, тогда как в июне его закупят по $880, пояснил Чебан, передает NewsMaker.«Газпром» и «Молдовагаз» подписали договор о поставках газа в октябре 2021 года на пятилетний срок. Российская сторона утверждала, что его условия взаимовыгодны. Спыну пояснял, что документ устанавливает не точную цену за 1 куб. м газа, а формулу расчета, основанную на биржевых ценах, что приводит к варьированию стоимости топлива каждый месяц. «Газпром» при этом просил не публиковать формулу расчета цены, пояснив это коммерческой тайной, говорил вице-премьер Молдавии.При этом по условиям соглашения Молдавия обязалась провести аудит и выплатить долги. «Газпром» оценил задолженность Кишинева в $709 млн, в январе поставки газа оказались под угрозой из-за неуплаты долга.В Кишиневе не видят альтернативы российскому газу, так как иные варианты предполагают более высокую стоимость топлива, сказала в конце апреля молдавский президент Майя Санду. «Электроэнергия тоже зависит от газа, здесь тоже нет альтернативы, потому что мы на практике не подключены к Румынии», — добавила она.",В Молдавии сообщили о снижении цены на российский газ
"Немецкий концерн Uniper — основной импортер российского газа в Германии — осуществил первый платеж «Газпрому» по новой схеме. Об этом со ссылкой на сообщение компании сообщает Reuters.«Как и другие немецкие и европейские компании, Uniper изменила способ оплаты поставок газа из России. Uniper платит в евро в соответствии с новым механизмом оплаты. Первый из этих платежей был произведен в конце мая», — говорится в сообщении Uniper.В компании также заверили, что продолжают действовать в соответствии с санкциями ЕС и продолжают обеспечивать своевременное выполнение контрактов.Россия в конце марта объявила о новой схеме оплаты за газ. Покупателей обязали открыть в Газпромбанке два счета: валютный и рублевый. Оплата будет приходить на первый, а затем банк будет конвертировать полученные средства и зачислять их на рублевый счет. Как пояснили в Кремле, новая схема нужна, чтобы защитить поступающие средства от заморозки в связи с западными санкциями.

Еврокомиссия сочла эту схему попыткой обойти ограничения и обвинила Москву в шантаже с помощью газа, однако прямого запрета не вынесла.Немецкий концерн Uniper — основной импортер российского газа в Германии. В конце апреля в компании сообщили, что считают возможным найти компромиссный вариант оплаты поставок российского газа, который будет совместим как с европейскими санкциями, так и с требованиями Москвы. «Uniper ведет переговоры со своими контрактными партнерами о конкретных модальностях оплаты и, кроме того, находится в тесных консультациях с немецким правительством», — уточнили в пресс-службе компании.Ранее за отказ платить «Газпрому» по новой схеме были остановлены поставки газа в Нидерланды, Болгарию, Польшу и Финляндию. Кроме того, «Газпром» с 1 июня приостановит поставки газа в Германию по контракту с Shell (1,2 млрд куб. м в год), а также датской Orsted.Поделитесь впечатлениями",Основной импортер газа в ФРГ заплатил «Газпрому» по новой схеме
"«Газпром экспорт» с 1 июня приостановит поставки газа британско-голландской Shell Energy Company по контракту для Германии и датской Orsted в связи с неуплатой по новой схеме за апрель, говорится в сообщении российской компании.По информации российской компании, Shell и Orsted уведомили, что «не намерены осуществлять платежи по контракту на поставку газа в рублях», в связи с чем поставки газа будут приостановлены до момента осуществления оплаты.В «Газпроме» указали, что максимальный годовой объем поставок в Германию по контракту с Shell составляет 1,2 млрд куб. м, объемы поставок датской компании в пресс-службе не раскрыли.Новая схема оплаты газа, которая действует с 1 апреля, предполагает, что зарубежные покупатели из списка недружественных стран (российское правительство включило в перечень все страны ЕС, США, Британию и ряд других государств) должны открыть два счета в Газпромбанке — валютный и рублевый. После поступления оплаты на первый счет в долларах или евро банк самостоятельно конвертирует средства на Московской бирже, после чего зачисляет рубли на второй счет.Ранее были остановлены поставки газа в Нидерланды, Болгарию, Польшу и Финляндию, эти страны также отказались выполнять условия России. 27 мая еврокомиссар по энергетике Кадри Симсон сообщила, что ЕС разрабатывает «запасной план» на случай полного прекращения импорта из России.Датская Orsted заявила об отказе платить за газ в рублях еще в начале апреля, после получения соответствующего письма от российской компании. По данным Bloomberg, контракт с Данией истекает в конце десятилетия. Агентство отмечает, что Россия поставляла Дании 80% закупаемого страной газа, однако от всего приобретенного Европой газа в прошлом году это составляло 1,3%. Накануне, 30 мая, в Orsted предупредили о возможном прекращении поставок российского газа, из-за того что дедлайн по оплате истекает.

Британо-голландская Shell в начале марта также заявила, что будет поэтапно отказываться от закупок российской нефти, а также нефтепродуктов, трубопроводного газа и СПГ. Однако, по информации Bloomberg, у компании оставался ряд долгосрочных контрактов. Так, соглашение с экспортным подразделением «Газпрома» подразумевает получение 1,2 млрд куб. м газа ежегодно с поставкой его в Германию до 2031 года. Также агентство сообщало, что Shell может испытывать трудности с оплатой газа, так как Британия ввела санкции против Газпромбанка.Поделитесь впечатлениями",«Газпром» с 1 июня приостановит поставки газа Shell и датской Orsted
"«Газпром» перестал поставлять газ в Нидерланды из-за отказа страны платить рублями, говорится в сообщении компании в Telegram. Перевести с 1 апреля оплату за газ в рубли ранее поручил президент России.«Газпром» полностью остановил поставку газа компании GasTerra B.V. (Нидерланды) в связи с неоплатой в рублях», — объявила компания, уточнив, что на конец рабочего дня 30 мая «Газпром экспорт» так и не получил платежа.По новой схеме оплаты газа, которая действует с апреля, иностранные покупатели из списка недружественных стран (таковыми российское правительство считает все страны ЕС, США, Великобританию и ряд других государств) должны открыть два счета в Газпромбанке — валютный и рублевый.Поступившие на валютный счет средства банк должен самостоятельно конвертировать в рубли на Московской бирже, после чего зачислить их на второй счет.В середине апреля правительство Нидерландов сообщило, что не разрешает компаниям страны новые правила оплаты, так как это, по мнению Амстердама, нарушает санкции ЕС. В королевстве сообщили, что подготовились к полному прекращению подачи газа, удвоив свои возможности импорта СПГ. В то же время в Минэкономики страны отмечали, что ей будет сложно заполнить свои хранилища перед следующей зимой без поставок из России.GasTerra объявила, что не будет выполнять требования «Газпрома» о переходе на новую схему оплаты топлива, 30 мая. В компании считают, что новые условия покупки российского газа в рублях могут привести к нарушению введенных Евросоюзом санкций, а также повлечь за собой другие финансовые и операционные риски. Так, например, к последним, по мнению компании, относится обязательное требование открыть счет в российском банке и контроль над ним «со стороны российского режима». «Газпром» в ответ предупредил компанию, что остановит поставки топлива.Нидерланды входили в число крупнейших европейских покупателей российского газа, занимая шестое место, после Германии, Италии, Турции, Австрии и Франции: в 2020 году страна импортировала 11,8 млрд куб. м (.pdf).",Россия перекрыла газ Нидерландам из-за отказа платить рублями
"«Газпром экспорт» с 31 мая приостановит поставки газа нидерландской GasTerra в связи с неуплатой за апрель, об этом сообщил холдинг «Газпром» в Telegram.«Газпром экспорт» уведомил GasTerra о приостановке поставок газа с 31 мая 2022 года и до момента осуществления оплаты [в рублях]», — говорится в сообщении.Ранее GasTerra отказалась платить за поставки газа в рублях. В компании сочли, что открытие счетов в российском банке и «контроль над ними со стороны российского режима» представляют слишком большой риск. В GasTerra сообщили, что в ответ «Газпром» объявил о прекращении поставок. «Это означает, что с настоящего момента до 1 октября 2022 года, завершения действия контракта, покупатель не получит примерно 2 млрд куб. м газа», — говорится в сообщении. Нидерландская компания заявила, что готова к этому.Новая схема оплаты газа, которая действует с 1 апреля, предполагает, что зарубежные покупатели из списка недружественных стран (российское правительство включило в перечень все страны ЕС, США, Британию и ряд других государств) должны открыть два счета в Газпромбанке — валютный и рублевый. После поступления оплаты на первый счет в долларах или евро банк самостоятельно конвертирует средства на Московской бирже, после чего зачисляет рубли на второй счет.В середине апреля власти Нидерландов запретили компаниям страны принимать эти условия, так как они, по мнению Амстердама, нарушают санкции ЕС. Минэкономики Нидерландов сообщило, что в королевстве подготовились к полному прекращению подачи газа, удвоив свои возможности импорта СПГ (сжиженного природного газа).В тот же день, что и GasTerra, об отказе платить за газ в рублях объявил датский оператор Orsted. В Orsted сочли смену валюты нарушением контракта. Дедлайн компании по оплате истекает 31 мая, Orsted заявил о риске приостановки поставок от «Газпром экспорт», поскольку датский оператор планирует и дальше проводить оплату в евро. При этом оператор заявил, что готовился к этому сценарию и сейчас заполняются его хранилища в Дании и Германии.Ранее были остановлены поставки газа в Болгарию, Польшу и Финляндию, эти страны также отказались выполнять условия России. 27 мая еврокомиссар по энергетике Кадри Симсон сообщила, что ЕС разрабатывает «запасной план» на случай полного прекращения импорта из России.Поделитесь впечатлениями",«Газпром» с 31 мая приостановит поставки газа в Нидерланды
"Нидерландский газовый трейдер GasTerra не будет выполнять требования «Газпрома» о переходе на новую схему оплаты топлива, заявила компания.Новые условия покупки российского газа в рублях могут привести к нарушению введенных Евросоюзом санкций, к тому же «существует слишком много финансовых и операционных рисков, связанных с требуемым вариантом оплаты», считают в GasTerra.По мнению компании, открытие счетов в российском банке и «контроль над ними со стороны российского режима» представляют слишком большой риск.В GasTerra заявили, что в ответ «Газпром» объявил о прекращении поставок. «Это означает, что с настоящего момента до 1 октября 2022 года, завершения действия контракта, покупатель не получит примерно 2 млрд куб. м газа», — говорится в сообщении. Нидерландская компания заявила, что готова к этому.РБК направил запрос в «Газпром».В соответствии с новой схемой оплаты газа, которая действует с апреля, иностранные покупатели из списка недружественных стран (таковыми российское правительство считает все страны ЕС, США, Британию и ряд других государств) должны открыть два счета в Газпромбанке — валютный и рублевый. После поступления оплаты на первый счет в долларах или евро банк самостоятельно конвертирует средства на Московской бирже, после чего зачисляет рубли на второй счет.В середине апреля власти Нидерландов заявили, что не разрешают компаниям страны принять эти условия, так как они, по мнению Амстердама, нарушают санкции ЕС. В королевстве сообщили, что подготовились к полному прекращению подачи газа, удвоив свои возможности импорта СПГ.Также сегодня отказ платить за российский газ по новой схеме подтвердила датская Orsted, сообщив, что готовится к прекращению поставок из России с 31 мая.Ранее условия России отказались выполнять Болгария, Польша и Финляндия, поставки в эти страны были остановлены. 27 мая еврокомиссар по энергетике Кадри Симсон сообщила, что ЕС разрабатывает «запасной план» на случай полного прекращения импорта из России.",Нидерландская GasTerra отказалась платить за российский газ рублями
"Датский оператор Orsted предупредил о возможном прекращении поставок российского газа, из-за того что дедлайн по оплате истекает, но компания по-прежнему не намерена платить за топливо в рублях, сообщается на ее сайте.«Существует риск, что «Газпром экспорт» перестанет поставлять газ Orsted», — сообщила компания.Как отмечает оператор, российская сторона требует оплаты газа в рублях, однако у него нет юридических обязательств по контракту платить в российской валюте. По мнению Orsted, смена валюты оплаты будет нарушением контракта. Компания отметила, что дедлайн по оплате газа истекает 31 мая и она продолжит платить в евро.Датский оператор выразил надежду, что страна сможет закупать газ через европейский рынок, поскольку прямого трубопровода, по которому газ идет из России в Данию, нет.«Мы готовились к этому сценарию, чтобы свести к минимуму риск для клиентов Orsted, в основном крупных компаний в Дании и Швеции», — отметили в компании. Как указал оператор, у него есть хранилища в Дании и Германии и сейчас они заполняются, чтобы обеспечить поставки клиентам.РБК направил запрос в «Газпром».Orsted заявила об отказе платить за газ в рублях еще в начале апреля, после получения соответствующего письма от российской компании. По данным Bloomberg, контракт с Данией истекает в конце десятилетия. Агентство отмечает, что Россия поставляла Дании 80% закупаемого страной газа, однако от всего приобретенного Европой газа в прошлом году это составляло 1,3%.В конце февраля Orsted заявила, что прекращает закупать из России уголь и биомассу для электростанций и не будет подписывать новые контракты с российскими компаниями. Говоря о поставках российского газа, компания тогда отметила, что это будет иметь серьезные последствия для населения и его необходимо координировать на национальном уровне и уровне ЕС.«Газпром» 21 мая прекратил поставки газа в Финляндию, из-за того что не получил платеж в рублях. До этого, в конце апреля, по той же причине был остановлен экспорт российского газа в Польшу и Болгарию. В Кремле неоднократно говорили, что Россия не будет поставлять топливо бесплатно.",Датский оператор Orsted увидел риск остановки поставок газа из России
"Существующие тарифы на газ для населения Молдавии не позволяют покрывать покупку российского газа, из-за чего возникла необходимость повысить тарифы, заявил вице-премьер страны Андрей Спыну в эфире местного телеканала Jurnal.«Расчеты показывают, что тариф [для конечных потребителей], который мы имеем сейчас, не покрывает стоимость газа, который мы покупаем у «Газпрома», а мы прекрасно знаем, что в прошлом месяце у нас было почти $1200 [за 1 тыс. куб. м], в мае речь идет о $920. Хорошо, что к концу мая цены начали снижаться, у нас цены на газ около $900», — сказал Спыну.По его словам, в апреле еще существовала уверенность, что Молдавия сможет оплачивать поставки российского газа, но из-за событий на Украине сложилась «беспрецедентная ситуация», когда летние цены на энергоносители превысили зимние.В этой связи «Молдовагаз» попросила Национальное агентство по регулированию энергетики пересмотреть тарифы для населения: повысить их почти на 60% с 1 июня, с 14 тыс. леев (чуть больше 41 тыс. руб. по курсу ЦБ на 26 мая) за 1 тыс. куб. м до 22 тыс. леев (около 65 тыс. руб.), указывает издание Nokta.«Газпром» и «Молдовагаз» в октябре прошлого года заключили контракт на поставки газа на пятилетний срок. Российская компания отмечала, что договор подписан «на взаимовыгодных условиях». Как пишет издание Point, Спыну указывал, что в документе прописана не точная цена за 1 тыс. куб. м, а формула расчета, которая основана на биржевых ценах. Из-за этого каждый месяц цена варьируется. При этом «Газпром» попросил не обнародовать формулу, назвав ее коммерческой тайной, сказал молдавский вице-премьер.Молдавия неоднократно задерживала выплаты за поставляемый российский газ, из-за чего существовала угроза прекращения поставок. При заключении нового соглашения было оговорено проведение аудита задолженностей «Молдовагаза», отмечали в Министерстве инфраструктуры Молдавии.",В Молдавии предложили повысить тарифы на газ из-за нестабильных цен
"Правительство выпустило распоряжение, согласно которому бывшей «дочке» «Газпрома», компании Gazprom Markeing & Trading Singapore, разрешается поставка газа с «Ямал СПГ» в течение 90 дней. Ранее предприятие, как и ряд других бывших «дочек» «Газпрома», попало под ответные российские санкции.«Разрешить совершение действий, запрет которых установлен пунктом 2 указа президента РФ от 3 мая 2022 года <...> и постановлением правительства РФ <…> и которые связаны с поставками открытым акционерным обществом «Ямал СПГ» Yamal Trade Pte. Ltd. сжиженного природного газа в пользу Gazprom Marketing & Trading Singapore PTE. Ltd.», — говорится в документе.Упомянутый указ президента, подписанный им 3 мая, установил список ответных экономических мер в связи с недружественными действиями некоторых государств. В документе говорится, что органам государственной власти, а также организациям и физическим лицам запрещено совершать сделки с подсанкционными лицами, исполнять перед ними обязательства по совершенным сделкам, осуществлять финансовые операции, если они получат от них выгоду.Помимо этого, запрещен вывоз продукции и сырья, производимых в России, если поставки предназначены для лиц из санкционного списка.Позже распоряжением от 11 мая правительство утвердило список юрлиц, против которых вводятся специальные экономические меры. В основном в него вошли бывшие «дочки» «Газпрома», в том числе Gazprom Germania и находящиеся под ее управлением бывшие активы «Газпрома»: Gazprom Marketing & Trading, Gazprom NGV Europe, Wingas, Astora, Vemex и другие.«Газпром» прекратил участие в дочерних предприятиях Gazprom Germania и в самой компании 1 апреля.",Правительство временно разрешило поставки СПГ бывшей «дочке» «Газпрома»
"Бывший канцлер Германии, председатель комитета акционеров компании Nord Stream AG Герхард Шрёдер сообщил, что отклонил предложение войти в совет директоров «Газпрома», пишет Focus.Как уточняет издание, Шрёдер заявил, что отказался войти в совет директоров давно. О выдвижении экс-канцлера «Газпром» сообщил в начале февраля.РБК направил запрос представителю «Газпрома».В число остальных кандидатов в члены совета директоров компании вошли вице-премьер Александр Новак, министр энергетики Николай Шульгинов, председатель правления «Газпрома» Алексей Миллер, глава Газпромбанка Андрей Акимов, спецпредставитель президента Виктор Зубков, министр промышленности и торговли Денис Мантуров, зампред правления «Газпрома» Виталий Маркелов и первый замгендиректора «Газпром экспорта» Михаил Середа, ректор РГУ им. Губкина Виктор Мартынов и ректор РАНХиГС Владимир Мау.Основной пул кандидатов сформировался ранее, однако 24 мая был выдвинут еще один кандидат — министр сельского хозяйства Дмитрий Патрушев. Он стал 12-м кандидатом, тогда как в совете директоров «Газпрома» — 11 мест.Собрание акционеров компании должно состояться 30 июня.20 мая «Роснефть» сообщила, что Шрёдер выйдет из состава совета директоров компании. Также орган покинет исполнительный директор Nord Stream 2 AG Маттиас Варниг. Как уточнили в «Роснефти», Шрёдер и Варниг «сообщили о невозможности продления своих полномочий».На следующий день канцлер Германии Олаф Шольц призвал Шрёдера покинуть и другие посты в России.Шрёдер занимал должность канцлера ФРГ с 1998 по 2005 год. В совет директоров «Роснефти» он входил с 2017 года.",Шрёдер отклонил предложение войти в совет директоров «Газпрома»
"Министр сельского хозяйства России Дмитрий Патрушев выдвинут в совет директоров «Газпрома», говорится в заявлении компании по итогам заседания наблюдательного совета.

«Включить по усмотрению совета директоров ПАО «Газпром» в список кандидатур для голосования на годовом общем собрании акционеров ПАО «Газпром» по выборам в совет директоров ПАО «Газпром»: Патрушева Дмитрия Николаевича», — сказано в сообщении.Патрушеву 44 года, он является сыном секретаря Совета безопасности Николая Патрушева. С 2004 года работал в Банке внешней торговли (с 1 марта 2007 года — ОАО «Банк ВТБ») и в 2007 году стал его старшим вице-президентом. С 2010 года Патрушев занимал пост председателя правления Россельхозбанка, а в мае 2018-го назначен главой Минсельхоза.Ранее в число кандидатов в совет директоров «Газпрома» вошли вице-премьер Александр Новак, министр энергетики Николай Шульгинов, председатель правления «Газпрома» Алексей Миллер, глава Газпромбанка Андрей Акимов, спецпредставитель президента Виктор Зубков, министр промышленности и торговли Денис Мантуров, зампред правления «Газпрома» Виталий Маркелов и первый замгендиректора «Газпром экспорта» Михаил Середа, ректор РГУ им. Губкина Виктор Мартынов и ректор РАНХиГС Владимир Мау, а также бывший канцлер ФРГ, председатель комитета акционеров компании Nord Stream AG Герхард Шрёдер.Последний после начала российской спецоперации на Украине уже покинул совет директоров «Роснефти». 21 мая канцлер Германии Олаф Шольц призвал Шрёдера покинуть все посты в России. «Мы принимаем к сведению, что это произошло c одним [постом], должны последовать и другие», — говорил он.Сам Шрёдер заявлял, что Россию нельзя изолировать в долгосрочной перспективе и промышленность Германии нуждается в российских ресурсах. По его словам, после спецоперации на Украине Западу придется вновь взаимодействовать с Россией. «Так всегда и происходит», — резюмировал бывший канцлер.",Главу Минсельхоза Патрушева выдвинули в совет директоров «Газпрома»
"Пресс-секретарь председателя правления «Газпрома» Сергей Куприянов назначен новым председателем совета директоров VK (ранее Mail.ru Group), говорится в сообщении компании.«Председателем совета директоров компании назначен Сергей Куприянов. Он вошел в совет 14 декабря в 2021 года в качестве неисполнительного директора», — сказано в сообщении.Кроме того, на должность неисполнительного директора VK назначена вице-президент Газпромбанка Мария Зыбина.

Куприянов в ответ на запрос РБК о том, как он будет совмещать должности в «Газпроме» и на посту председателя совета директоров VK, заявил: «Как и раньше. Это не единственный совет директоров, в который я вхожу».Куприянов работает пресс-секретарем Алексея Миллера с 2003 года, с 2018 года входит в совет директоров «Газпром-Медиа Холдинга». В декабре 2021 года он вошел в совет директоров VK вместо старшего вице-президента и члена правления «Сбера» Александры Бурико. Кроме того, Куприянов возглавляет совет директоров OOO «Оператор Газпром ID».Предыдущий председатель совета директоров VK Дмитрий Гришин покинул свою должность 11 мая. О причинах ухода и дальнейших планах Гришина в VK не сообщили.Ранее США и Евросоюз ввели санкции против главы VK Владимира Кириенко после начала военной операции на Украине. В компании после этого заявили, что ограничительные меры не повлияли на ее работу.",Пресс-секретарь главы правления «Газпрома» возглавил совет директоров VK
"Британская компания по розничным продажам газа Gazprom Energy рассматривает возможность ребрендинга, чтобы дистанцироваться от российских владельцев на фоне событий на Украине, сообщила Financial Times.По информации издания, один из вариантов нового названия — это GM&T (Gazprom Marketing & Trading Retail Limited, то есть название материнской компании — британского подразделения «Газпрома»).«Высшее руководство настроено очень положительно, однако, учитывая то, что речь не идет о радикальном ребрендинге, неясно, будет ли это иметь большое значение», — сказал источник FT.РБК направил запрос представителю «Газпрома».Gazprom Energy — один из ключевых участников британской энергосистемы, компания поставляет в страну пятую часть газа. В марте Gazprom Energy была на грани коллапса, поскольку многие компании отказались заключать с ней новые контракты, пишет FT. Тогда же источники Bloomberg сообщили, что правительство Великобритании готовится временно национализировать местную «дочку» «Газпрома» в случае угрозы стабильности поставок газа.Однако пока британские власти не пошли на такой шаг. При этом сценарии правительству пришлось бы взять на себя выплату обязательств компании, что обошлось бы государству в 4 млрд (около $5 млрд по текущему курсу), отметило издание.В начале апреля «Газпром» прекратил участие в немецкой дочерней компании Gazprom Germania GmbH и принадлежащих ей активах. Эта «дочка» занимается продажей и маркетингом природного газа, трейдингом, разведкой и добычей, а также проектами подземного хранения.После прекращения участия «Газпрома» Германия ввела в его бывшей «дочке» внешнее управление. Как сообщала Handelsblatt, Минэкономики Германии рассматривало вариант с национализацией. Но пока оно пытается найти альтернативу и предлагает кредиты потенциальным покупателям. В Кремле идею национализации «дочек» «Газпрома» назвали неприемлемой и заявили, что такое решение нарушило бы международное право.",FT узнала об идее Британии провести ребрендинг компании Gazprom Energy
"«Газпром» с 21 мая прекратил поставки финской Gasum из-за отказа оплачивать газ в рублях. Об этом сообщает пресс-служба российской компании.«По состоянию на конец рабочего дня 20 мая «Газпром экспорт» не получил платеж за поставки газа в апреле от компании Gasum (Финляндия) в соответствии с указом президента РФ № 172 от 31.03.2022 года», — говорится в заявлении компании.В компании отметили, что в прошлом году «Газпром экспорт» поставил Gasum 1,49 млрд куб. м газа, что составило две трети от общего объема потребления в Финляндии.Ранее о прекращении поставок сообщили в Gasum. В компании заявили, что в течение всего летнего сезона Финляндия будет закупать газ у других поставщиков по трубопровода Balticconnector. Последний соединяет Финляндию с Эстонией и предоставляет доступ к латвийским хранилищам природного газа в Инчукалнсе.Контракт Gasum и «Газпром экспорта» действовал до конца 2031 года. В российской компании сообщали, что поставили финской стороне в 2016–2019-м порядка 2,5 млрд куб. м газа. В 2020 году объемы поставок упали на 34,5%, однако по итогам первого полугодия 2021-го достигли 1,035 млрд куб. м, что было на 35,6% больше показателя за аналогичный период предыдущего года.По данным Bloomberg, Финляндия в прошлом году закупала 92% природного газа у России, однако на долю этого вида топлива приходится лишь 5% энергии, потребляемой в стране.В апреле правительство Финляндии заявило о планах отказаться от российского газа. «Цель — избавиться от всех платежей в Россию, чтобы мы не использовали их для финансирования военного фонда Путина. Было бы нежелательно оказаться в ситуации, когда нам придется платить за нарушение контракта», — сказала министр по европейским делам и корпоративному управлению Титти Туппурайнен.",«Газпром» подтвердил прекращение поставок газа в Финляндию
"Импорт природного газа из России в Финляндию приостановлен, в течение всего летнего сезона компания будет закупать его у других поставщиков по трубопроводу Balticconnector, говорится на сайте финской государственной газовой компании Gasum.«Gasum будет поставлять природный газ своим потребителям из других источников по трубопроводу Balticconnector. Газозаправочные станции Gasum в газовой сети будут продолжать работать в обычном режиме», — сказано в сообщении.Как уточнили в финском газовом госоператоре Gasgrid Finland, поставки газа были прекращены через пункт Иматра, при этом весь необходимый стране объем уже импортируется через Balticconnector. Как заверили в компании, «газовая система [Финляндии] в настоящее время сбалансирована».Balticconnector соединяет Финляндию с Эстонией, этот трубопровод предоставляет финской стороне доступ к латвийским хранилищам природного газа в Инчукалнсе.Гендиректор Gasum Мика Вяльянен ранее заявил, что компания подготовилась к подобной ситуации и готова в ближайшие месяцы обеспечивать клиентов топливом в случае отсутствия перебоев в работе транспортной газовой сети. В компании также указывали, что отказываются платить за газ в рублях или по предложенной Россией новой схеме, при этом есть и иные «существенные разногласия» в отношении других требований, предъявленных к контракту. У Gasum «не было другого выбора, кроме как передать контракт в арбитраж», добавил Вильянен.В «Газпроме» ранее предупредили, что намерены «защищать свои интересы в арбитражном разбирательстве доступными средствами», а поставки газа будут приостановлены из-за отказа финской стороны платить за них по новым условиям.В конце апреля в правительстве Финляндии заявили о намерении как можно скорее отказаться от поставок российского газа. «Цель — избавиться от всех платежей в Россию, чтобы мы не использовали их для финансирования военного фонда Путина. Было бы нежелательно оказаться в ситуации, когда нам придется платить за нарушение контракта», — сказала министр по европейским делам и корпоративному управлению Титти Туппурайнен.Bloomberg в середине мая узнал, что Gasgrid Finland намерена зафрахтовать специализированный танкер, используемый как морской СПГ-терминал, у американской Excelerate Energy. В Хельсинки полагали, что эта сделка позволит прекратить импорт российского газа. Глава Excelerate Energy Стивен Кобос отметил, что Финляндии и Эстонии необходимо 3 млрд куб. м газа ежегодно, тогда как танкер способен поставлять 5 млрд куб. м. По данным компании, это порядка 52 грузоперевозок.

Судно Exemplar, которое в настоящее время находится в Аргентине, отправится в Финляндию к концу года. Соглашение подписано на десять лет, при этом излишки газа могут быть проданы соседним странам, в том числе Эстонии.Контракт Gasum и «Газпром экспорта» действует до конца 2031 года. В российской компании сообщали, что поставили финской стороне в 2016–2019-м порядка 2,5 млрд куб. м газа. В 2020 году на фоне распространения коронавируса объемы поставок упали на 34,5%, однако по итогам первого полугодия 2021-го достигли 1,035 млрд куб. м, что на 35,6% больше показателя за аналогичный период предыдущего года.По данным Bloomberg, Финляндия в прошлом году закупала 92% природного газа у России, однако на долю этого вида топлива приходится только 5% энергии, потребляемой в стране.",Gasum сообщила о приостановке поставок газа из России в Финляндию
"«Газпром экспорт» намерена защищать свои интересы в арбитраже с Финляндией, которая не приняла новые российские условия оплаты газа, сообщили РБК в компании.«Газпром экспорт» будет защищать свои интересы в арбитражном разбирательстве доступными средствами», — заявили в компании.«Газпром экспорт» добавил, что к концу рабочего дня 20 мая (срок оплаты, предусмотренный контрактом) не получил от Gasum платеж за поставки газа в апреле. Поэтому до проведения оплаты поставки газа финской стороне будут приостановлены.Gasum 17 мая заявила, что не приняла новые условия России по оплате газа и «передала контракт в арбитраж». Позднее компания сообщила, что «Газпром» проинформировал ее о приостановке поставок с 7:00 мск 21 мая.Финская газовая компания заявила, что «тщательно готовилась» к проблемам с газом и продолжит поставлять топливо из других источников, в частности по трубопроводу Balticconnector. Он соединяет Финляндию с латвийскими хранилищами газа в Инчукалнсе. Gasum уверена, что в ближайшие месяцы сможет обеспечить клиентов газом.Президент Владимир Путин подписал указ об оплате газа рублями для недружественных стран в конце марта. Зарубежные газовые компании должны открыть два счета в Газпромбанке — в валюте и рублях. Иностранный покупатель переводит плату за газ в валюте, после чего банк продает ее на бирже и зачисляет полученные средства на рублевый счет. Российская сторона считает обязательства исполненными только после зачисления на счет в российской валюте.Еврокомиссия ранее направила разъяснения для стран-членов, в которых рассказала, как оплачивать российский газ, не нарушая санкции. В Брюсселе пояснили, что открытие счетов в Газпромбанке не нарушает санкции, но зарубежная компания после зачисления денег на счет в валюте должна делать «четкое заявление», что оплата произведена и ее обязательства исполнены.
 ",«Газпром» пообещал защищать свои интересы в арбитраже с Финляндией
"Россия утром 21 мая прекратит поставки газа в Финляндию, которая отказалась платить за него в рублях, со ссылкой на заявление финской государственной газовой компании Gasum, передает Reuters.«Газпром экспорт» проинформировал Gasum о том, что поставки природного газа в Финляндию по контракту будут прекращены в субботу, 21 мая, в 4:00 GMT (7:00 мск. — РБК)», — говорится в заявлении.В Gasum отметили, что продолжат поставлять газ потребителям «из других источников» по трубопроводу Balticconnector, который соединяет Финляндию с Эстонией. Этот трубопровод предоставляет Финляндии доступ к латвийским хранилищам природного газа в Инчукалнсе.«Мы тщательно готовились к этой ситуации, и если не будет перебоев в работе транспортной газовой сети, мы сможем обеспечить всех наших клиентов газом в ближайшие месяцы», — сказал гендиректор Gasum Мика Вилянен.В связи с западными санкциями, из-за которых Россия лишилась доступа почти к половине своих золотовалютных резервов, президент Владимир Путин обязал недружественные страны платить за российский газ в рублях. Эта мера необходима, чтобы избежать заморозки и тех денег, что будут получены за его продажу, пояснили в Кремле.В Еврокомиссии сочли, что с помощью новой схемы Россия пытается обойти санкции, и призвали европейские компании не соглашаться на новые требования. Среди тех, кто отказался от расчетов по новому механизму, оказалась и финская Gasum. В компании заявили, что оспорят в суде требование «Газпром экспорта» проводить оплату в рублях.В Кремле, комментируя отказ Gasum, отметили, что Россия не станет никому бесплатно поставлять газ. «Мы не имеем информации обо всех компаниях, с которыми заключены контракты у «Газпрома», это не наша прерогатива. <...> Но очевидно, что бесплатно никто никому ничего поставлять не будет», — сказал пресс-секретарь президента Дмитрий Песков (цитата по ТАСС). В свою очередь вице-премьер Александр Новак накануне сообщил, что рублевые счета в Газпромбанке открыли около половины из 54 компаний, которые имеют контракты с «Газпромом».","Gasum сообщила, что Россия приостановит поставки газа в Финляндию 21 мая"
"В «Нафтогазе» не исключают новый суд с «Газпромом» по поводу платежей за транзит газа. Об этом сообщает «РИА Новости» со ссылкой на заявление главы украинской компании Юрия Витренко.«Похоже на то, что у нас начинается спор относительно транзита газа через Украину, и похоже на то, что у нас будет новый арбитраж между «Нафтогазом» и «Газпромом» по поводу транзита и платежей за транзит», — сказал глава «Нафтогаза».По словам Витренко, «Нафтогаз» еще не получил оплаты «Газпромом» транзита газа за следующий месяц.РБК направил запрос представителю «Газпрома».Стокгольмский арбитраж в феврале 2018 года вынес решение по иску «Нафтогаза» к «Газпрому», согласно которому российская компания должна выплатить компенсацию за недопоставку в рамках контракта на транзит газа в Европу. Тот подал апелляцию, однако президент Владимир Путин, назвав вердикт политическим, признал, что Россия «должна из него исходить». В декабре 2019 года «Газпром» выплатил «Нафтогазу» $2,9 млрд.При этом «Нафтогаз» и «Газпром» заключили пятилетний договор о транзите газа в Европу, срок которого истекает в декабре 2024-го. За это время «Газпром» должен прокачать через Украину 225 млрд куб. м газа, в том числе 65 млрд куб. м в 2020-м и по 40 млрд куб. м каждый следующий год.После начала военной украинские власти неоднократно сообщали о штатном транзите российского газа через территорию Украины. Экс-глава «Нафтогаза» Андрей Коболев ранее говорил, что прокачка газа через Украину будет продолжаться до тех пор, пока это «технически возможно».",«Нафтогаз» допустил новый суд с «Газпромом» по платежам за транзит
"Около половины из 54 компаний, которые имеют контракты с «Газпромом», открыли счета в Газпромбанке для оплаты поставок газа рублями, сообщил вице-премьер Александр Новак во время своего выступления на марафоне «Новые горизонты», организованного обществом «Знание».«У нас около 54 компаний, которые имеют договора с «Газпром экспортом», есть крупные, есть средние и маленькие компании. По моим данным, около половины из этого количества уже открыли в нашем уполномоченном банке («Газпромбанк». — РБК) специальные счета — валютные и рублевые, чтобы обеспечить поступление валютной выручки, конвертацию в рубли и оплату за поставленный газ в рублях», — сказал Новак.Окончательный список покупателей, кто согласился и кто отказался платить за газ рублями, по словам вице-премьера, будет известен в ближайшие дни. Он объяснил, что кто-то уже заплатил аванс, кто-то оплатил за поставленный газ по факту. «Это механизм во времени растянутый. Например, поставки за апрель — по ним оплата окончательно происходит в мае», — добавил Новак.23 марта президент России Владимир Путин объявил, что российская сторона в расчетах за газ откажется от «всех скомпрометировавших себя валют» и будет принимать оплату за него от недружественных стран (в этом перечне все страны ЕС, США, Великобритания и другие государства) в рублях. Новое требование начало действовать 1 апреля. По новой схеме страны, покупающие газ у России, должны открыть счета в Газпромбанке. Они проводят оплату в евро через банк, который потом будет переводить валюту в рубли.Внутри ЕС дискутируют, не станет ли нарушением санкционного режима предложенная Россией схема. В апреле Bloomberg узнал, что десять европейских компаний открыли спецсчета в Газпромбанке, а четверо из них уже произвели оплату за поставки газа из России в рублях. Всего список покупателей газа из списка «недружественных» стран насчитывает 23 государства, уточнили в агентстве. 12 мая Bloomberg сообщил о еще десяти компаниях, открывших рублевые счета, таким образом, общее число таких компаний выросло до 20.Премьер-министр Италии Марио Драги утверждал, что Германия уже оплатила поставки топлива рублями.","Новак сообщил, что половина из 54 покупателей газа открыла счета в рублях"
"Финская энергетическая компания Gasum, которая владеет контрактом на поставку газа из России, не приняла предложение «Газпром экспорта» о переходе на новую схему оплаты топлива, говорится в ее заявлении.Компания сообщила, что «не будет осуществлять платежи в рублях или в соответствии с предложенным «Газпром экспортом» механизмом оплаты». Кроме того, в Gasum указали на «существенные разногласия» по другим требованиям, предъявленным к контракту.Гендиректор Gasum Мика Вильянен заявил, что у компании «не было другого выбора, кроме как передать контракт в арбитраж».В компании добавили, что готовы к возможному прекращению поставок российского газа, и будут пытаться в течение лета обеспечить импорт топлива из других источников через газопровод Balticconnector (соединяет эстонские и финские газовые сети).О переводе всех платежей за поставки газа в рубли в конце марта объявил президент России Владимир Путин. Эту меру он поручил применять к «недружественным странам» (в список входят все страны ЕС и другие государства). Согласно указу, иностранные покупатели должны открыть в Газпромбанке два счета — валютный и рублевый. Компания переводит оплату на валютный счет, после чего банк продает валюту на бирже, а рубли зачисляет на рублевый счет. Россия признает оплату состоявшейся только после зачисления средств на рублевый счет.После этого в апреле «Газпром экспорт» уведомил Gasum, что согласованные в договоре платежи должны в будущем осуществляться в рублях, а не в евро, сообщили в финской компании.Контракт «Газпром экспорта» и Gasum действует до 31 декабря 2031 года. По данным российской компании, в 2016–2019 годах «Газпром» поставлял в Финляндию около 2,5 млрд куб. м газа. В 2020 году на фоне пандемии поставки сократились на 34,5%, но затем восстановились: по итогам первого полугодия 2021 года они составили 1,035 млрд куб. м, что на 35,6% больше, чем за аналогичный период предыдущего года. Bloomberg писал, что в 2021 году Финляндия импортировала 92% природного газа из России, но на долю газа приходится только 5% энергии, потребляемой в стране.В конце апреля финский министр по европейским делам и корпоративному управлению Титти Туппурайнен заявила, что Финляндия стремится как можно скорее отказаться от импорта газа из России: «Цель — избавиться от всех платежей в Россию, чтобы мы не использовали их для финансирования военного фонда Путина. Было бы нежелательно оказаться в ситуации, когда нам придется платить за нарушение контракта».",Финская Gasum оспорит в суде требование России платить за газ в рублях
"Материал финской газеты Iltalehti, в котором говорится о возможном прекращении поставок газа Финляндии в ответ на ее намерение вступить в НАТО, скорее всего, «утка». Об этом заявил журналистам пресс-секретарь президента Дмитрий Песков, передает «РИА Новости».«Эти сообщения, скорее всего, просто очередная газетная утка», — сказал представитель Кремля.Песков заявил, что «Газпром» неоднократно демонстрировал свою надежность как компания, которая поставляет энергоресурсы в Европу.По данным газеты, ключевых политиков Финляндии предупредили о возможном прекращении поставок топлива. Издание отмечает, что в этом случае у части финской промышленности и производства продуктов питания возникнут трудности.РБК направил запрос представителю «Газпрома».В конце апреле финский министр по европейским делам и корпоративному управлению Титти Туппурайнен заявила, что Хельсинки не примет условия России по оплате российского газа в рублях. Позднее Helsingin Sanomat со ссылкой на источники написала, что финские власти готовятся к прекращению поставок из России с 21 мая, поскольку «Газпром» дал время до 20 мая по вопросу перевода оплаты в российскую валюту.Накануне, 12 мая, президент и премьер Финляндии Саули Ниинистё и Санна Марин выпустили совместное заявление, в котором выступили за немедленную подачу заявки на членство в НАТО. По их мнению, это укрепит безопасность страны. МИД России заявил, что российская сторона в случае вступления Финляндии в альянс предпримет ответные шаги, в том числе военно-технического характера. Ведомство также увидело в решении Хельсинки серьезный ущерб двусторонним отношениям и стабильности в регионе.",Песков счел очередной «уткой» сообщения о планах отключить газ Финляндии
"Федеральный канцлер Австрии Карл Нехаммер пригрозил «Газпрому» передать подземное газохранилище Haidach другим компаниям, если тот откажется его заполнять. Об этом Нехаммер заявил в интервью газете Kronen Zeitung.«Если российский «Газпром» не заполнит наше самое большое хранилище, мы его заберем для других поставщиков», — сказал он.Издание уточнило, что речь идет о ПХГ Haidach в Зальцбурге, которое в настоящее время де-факто пустует.ПХГ Haidach управляет Astora GmbH — дочерняя компания Gazprom Germania. В конце марта «Газпром» вышел из капитала немецкой Gazprom Germania (ее единственным учредителем является ООО «Газпром экспорт») и всех принадлежащих ей активов. Позже Gazprom Germania и Astora попали под российские санкции, после чего вице-канцлер ФРГ, министр по делам экономики и защиты климата Роберт Хабек заявил, что «дочки» Gazprom Germania перестали получать газ.Канцлер сообщил о планах впервые создать в стране «государственный стратегический резерв» газа в ПХГ и предложил действовать по принципу «используй или потеряешь». Если «Газпром» не закачает газ в хранилище, это сделают другие компании, пояснил он в интервью изданию Kleine Zeitung.РБК направил запрос представителю «Газпрома».Ранее власти Австрии отказались переходить на предложенную Россией схему оплаты поставок газа — за рубли. При этом глава австрийской энергокомпании OMV Альфред Штерн указывал, что страна пока не готова вводить запрет на импорт российского топлива из-за невозможности обеспечить необходимый уровень газоснабжения. «Я не думаю, что сегодня мы готовы к эмбарго. Если только мы не готовы принять последствия. Потому что нужно четко понимать одну вещь: наше газоснабжение обеспечивается не за счет собственной добычи в Европе, а за счет поставок из России», — говорил он.",Австрия пригрозила забрать у «Газпрома» газохранилище в Зальцбурге
"Финское издание Iltalehti сообщило о возможном отключении Финляндии от поставок газа из России в качестве ответной меры на объявление о намерении вступить в НАТО. Это может произойти в пятницу, 13 мая.РБК направил запрос представителю «Газпрома».«Ключевые политики страны были предупреждены о том, что Россия может прекратить поставки газа в пятницу. Финляндия пока не намерена это комментировать, но ждет, не прекратится ли подача газа. Если это будет реализовано, то возникнут серьезные проблемы для части финской промышленности и отрасли производства продуктов питания», — сообщает издание.Ранее предполагалось, что поставки российского газа могут прекратиться в страну в период с 21 по 23 мая, после того как в Хельсинки отказались оплачивать топливо в рублях. Газета Helsingin Sanomat сообщала, что местные власти готовятся к прекращению поставок с 21 мая. По данным издания, российский «Газпром» дал время финской государственной газовой компании Gasum до 20 мая по вопросу перевода оплаты за газ на рубли. Согласно источникам газеты, крайний срок одинаков для многих других стран ЕС.27 апреля власти Финляндии сообщили об отказе от оплаты газа рублями. Министр по европейским делам и корпоративному управлению Титти Туппурайнен заявила, что это соответствует решению Еврокомиссии, которая сочла такую меру нарушением контрактов. Министр тогда выразила уверенность, что Москва намерена разделить европейские страны и установить над ними контроль. «Это может быть расценено как шантаж со стороны России и часть [ее] геополитических амбиций», — добавила она.Однако, как отмечает Iltalehti, перенос сроков отключения от поставок на более ранние произошел после подтверждения Финляндией намерения как можно скорее вступить в НАТО.12 мая президент страны Саули Ниинистё и премьер Санна Марин заявили, что Финляндия должна незамедлительно подать заявку на членство в НАТО. По их мнению, это должно укрепить безопасность Финляндии. Причины, побудившие Финляндию изменить политику невступления в военные альянсы, объяснил глава МИД страны Пекка Хаависто. Он заявил, что военные действия, начатые Россией, создали опасность для стабильности всей Европы. Также, по его словам, с начала российской военной операции на Украине 24 февраля в Финляндии поднимался вопрос того, как произошедшие события скажутся на безопасности страны.В ответ на решение о вступлении в НАТО в МИД России пообещали, что Москва предпримет ответные шаги, в том числе военно-технического характера. В министерстве назвали данный шаг наносящим серьезный ущерб двусторонним российско-финляндским отношениям, поддержанию стабильности и безопасности в регионе. В российском МИДе сочли, что НАТО «напористо» убеждало Хельсинки вступить в альянс, чтобы «продолжить расширение к границам России, создать еще один фланг для военной угрозы нашей стране».О переводе всех платежей за поставки газа в рубли заявил в конце марта президент России Владимир Путин, эту меру он поручил применять к «недружественным странам» — в этот список входят Финляндия, все остальные страны Евросоюза, США, Япония, Микронезия, Сан-Марино и другие. Путин обосновал свое решение стремлением «отказаться от использования в таких расчетах всех скомпрометировавших себя валют», чего следует достичь, по его убеждению, «в самое ближайшее время». Схема начала действовать с 1 апреля.Европейские страны и компании разделились в своих оценках решения Москвы. В Еврокомиссии не раз говорили, что следование требованиям об оплате в рублях станет нарушением введенных против России санкций. «Компании с такими контрактами не должны соглашаться с требованиями России. Это было бы нарушением санкций, а значит, несло бы высокий риск для компаний», — сказала глава ЕК Урсула фон дер Ляйен в конце апреля.О несогласии с требованием России заявили в Париже, Берлине, Лондоне и других столицах, в том числе в Варшаве и Софии. «Газпром» сообщил о приостановке поставок в Польшу и Болгарию «в связи с неоплатой в рублях».",Iltalehti узнала о возможном отключении поставок газа в Финляндию
"Российские санкции, введенные в отношении компании EuRoPol GAZ, владеющей частью газопровода Ямал — Европа, означают запрет для «Газпрома» использовать мощности этой магистрали. Об этом сообщил официальный представитель компании Сергей Куприянов, его комментарий опубликован в Telegram «Газпрома».«Установлен запрет на совершение сделок и платежей в пользу лиц, находящихся под санкциями, в частности для «Газпрома» это означает запрет на использование принадлежащего компании EuRoPol GAZ газопровода для транспортировки российского газа через Польшу», — заявил Куприянов.EuRoPol GAZ — совместное предприятие «Газпрома» и польской компании PGNiG, собственника польского участка трубопровода Ямал — Европа. Польской компании принадлежит 51,18% СП, российской — 48,82%. По трубопроводу Ямал — Европа российский газ поступает через Белоруссию в ЕС, конкретно в Германию.В конце апреля «Газпром» приостановил поставки газа в Польшу, так как Варшава отказалась платить по действующему контракту в рублях, при этом транзит газа по трубопроводу Ямал — Европа сокращен не был. В «Газпроме» также предупредили, что в случае несанкционированного отбора российского газа из транзитных объемов в третьи страны поставки для транзита сократят на этот объем.Правительство России 11 мая по указу президента утвердило перечень из 31 компании, которые попали под ответные российские санкции. В списке в основном бывшие «дочки» «Газпрома», в том числе EuRoPol GAZ и Gazprom Germania. Свое участие в европейских «дочках» «Газпром» прекратил 1 апреля.С подсанкционными компаниями запрещено совершать сделки, в том числе те, которые предусматривают заход в российские порты судов, связанных с этими юрлицами, а также совершение платежей и операций с ценными бумагами в пользу компаний. Ограничения были введены в ответ на «недружественные и противоречащие международному праву действия США и примкнувших к ним государств», говорилось в указе президента России от 3 мая.Представитель газового регулятора Германии заявил, что приостановка транзита газа по газопроводу Ямал — Европа не скажется на энергетической безопасности страны. «В течение нескольких недель по этому трубопроводу почти не поступало газа в Германию», — цитирует заявление представителя регулирующего органа Reuters.",Российские санкции сделали невозможным транзит газа через Польшу
"Некоторые дочерние предприятия Gazprom Germania GmbH не получают газ из-за санкций, которые Россия ввела в отношении Запада. Об этом заявил вице-канцлер ФРГ, министр по делам экономики и защиты климата Роберт Хабек на выступлении в бундестаге, трансляцию ведет Welt.«Вчера вечером, примерно в 22:30 [президент России Владимир] Путин опубликовал указ, согласно которому европейские предприятия подпадают под санкции. В Германии «Газпром» и его «дочки» больше не получают газа из России», — сказал он.По его словам, немецкие газовики «мониторят ситуацию» и заранее подготовились к ней. «Рынок может компенсировать отсутствие газовых поставок из России», — уточнил министр.11 мая правительство России утвердило перечень иностранных компаний, которые попали под ответные российские санкции. В список в том числе попали бывшие «дочки» «Газпрома», включая Gazprom Germania. Компания, в свою очередь, управляет бывшими европейскими активами «Газпрома», которые тоже вошли в санкционный перечень: Gazprom NGV Europe, Wingas, Astora, Gazprom Marketing&Trading, Vemex и другие.С подсанкционными компаниями запрещено совершать сделки, в том числе те, которые предусматривают заход в российские порты судов, связанных с этими юрлицами, а также совершение платежей и операций с ценными бумагами в пользу компаний. Указ об ответных мерах на санкции Владимир Путин подписал 3 мая.«Газпром» еще 31 марта прекратил участие в своей германской «дочке» и принадлежащих ей активах. Хабек после этого заявил, что Gazprom Germania GmbH будет до 30 сентября передана под управление Федеральному сетевому агентству ФРГ.В немецком Минэкономики объяснили, что ведомству стало известно «о непрямом приобретении Gazprom Germania российскими компаниями АО «Палмэри» и ООО «Газпром экспорт бизнес-сервисы». «Поскольку Gazprom Germania управляет критической инфраструктурой, любое приобретение компанией не из ЕС должно быть одобрено Минэкономики. Неясно, кто финансово и юридически стоит за этими двумя компаниями», — указали в министерстве.Пресс-секретарь президента России Дмитрий Песков ранее говорил, что даже проработка вопроса о национализации дочерних предприятий «Газпрома» или «Роснефти» является неприемлемой, так как «нарушит все мыслимые и немыслимые правила и законы».","В Германии заявили, что «дочки» Gazprom Germania не получают газ"
"Правительство России утвердило перечень компаний, которые попадут под ответные российские санкции, документ опубликован на официальном портале правовой информации. Всего в нем указана 31 компания.В список попали в основном бывшие «дочки» «Газпрома», включая Gazprom Germania. Компания в свою очередь управляет бывшими европейскими активами «Газпрома», которые тоже вошли в санкционный перечень: Gazprom NGV Europe, Wingas, Astora, Gazprom Marketing&Trading, Vemex и другие. «Газпром» прекратил участие в Gazprom Germania и других европейских «дочках» с 1 апреля.Помимо этого, под российскими санкциями оказалась польская Europol, которая владеет участком газопровода Ямал — Европа, идущим через Польшу.С подсанкционными компаниями запрещено совершать сделки, в том числе те, которые предусматривают заход в российские порты судов, связанных с этими юрлицами, а также совершение платежей и операций с ценными бумагами в пользу компаний.Указ об ответных мерах на санкции президент Владимир Путин подписал 3 мая. В нем говорится, что меры вводятся в целях защиты национальных интересов страны и в ответ на недружественные и противоречащие международному праву действия США и примкнувших к ним государств. Последние, как посчитали в руководстве страны, пытаются «незаконно» лишить или ограничить Россию и ее граждан в правах собственности.Кроме ограничений на сделки указ также ввел запрет на вывоз за пределы России продукции и сырья в пользу подсанкционных компаний.Правительству давалось десять дней на утверждение соответствующего перечня юрлиц.После того как «Газпром» прекратил участие в европейских «дочках», компания отозвала своих представителей из органов управления Gazprom Germania, подконтрольных ей компаний и объектов вложений.Германия в свою очередь ввела внешнее управление в Gazprom Germania, передав компанию Федеральному сетевому агентству ФРГ.",Россия ввела санкции против бывших «дочек» «Газпрома»
"Болгария будет покупать СПГ у США по ценам ниже, чем у «Газпрома», говорится в сообщении болгарского правительства. Поставки начнутся в июне.Соответствующая договоренность была достигнута во время встречи болгарского премьер-министра Кирилла Петкова с вице-президентом США Камалой Харрис.«Премьер-министр Болгарии указал, что происходящее в Европе является явным признаком необходимости ускоренных и реальных мер в сфере энергетики. Вице-президент Камала Харрис поздравила Болгарию с решительными действиями по защите своего энергетического суверенитета», — говорится в релизе правительства.Болгарское правительство не указало, по какой схеме будет рассчитываться цена газа, поставляемого из США, и сколько она будет составлять.До марта 2020 года стоимость российского газа для Болгарии определялась контрактом с привязкой к цене на нефть. Однако с начала 2020 года София начала добиваться скидки, так как цены на спотовых европейских газовых рынках оказались ниже и страны, в контрактах которых не было привязки к стоимости нефти, оказались в более выгодных условиях.В марте 2020 года «Газпром» снизил цену на газ для Болгарии на 40%.В 2021 году посольство России в Болгарии сообщило, что по настоянию Софии, а также по просьбе Еврокомиссии «Газпром» при расчетах с Болгарией перешел на систему расчета с привязкой к европейскому газовому рынку.В конце апреля этого года Болгария сообщила, что «Газпром экспорт» уведомил своего болгарского партнера, компанию «Булгаргаз», об остановке поставок газа. Российская компания позже подтвердила сообщение, уточнив, что такое решение было принято в связи с неоплатой в рублях.Министр энергетики Болгарии Александр Николов позже пояснял, что процедура оплаты газа в рублях, на которой настаивает Россия, «влечет за собой значительные риски». «На практике мы потеряем контроль за нашими деньгами после оплаты в долларах США, как мы договаривались. Будет существовать риск нарушения обязательств — невыполнения [условий] российским банком, который будет отвечать за конвертацию соответствующей суммы в рубли», — уточнял он.Об отказе платить за российский газ в рублях Болгария предупредила российскую сторону еще раньше.Министр экологических преобразований Франции Барбара Помпили назвала прекращение поставок газа в Болгарию нарушением контрактов.","Болгария договорилась о покупке СПГ у США по ценам ниже, чем у «Газпрома»"
"«Газпром» 11 мая подает газ для Европы транзитом через Украину в объеме 72 млн куб. м, сообщили РБК в пресс-службе компании.Накануне в «Газпроме» сообщили, что подают 95,2 млн куб. м газа транзитом через территорию республики. Таким образом, транзит снизился на 25%.Ранее Оператор газотранспортных сетей Украины (ОГТС) сообщил, что прекратит транзит российского газа в Европу через газораспределительную станцию «Сохрановка» в Луганской области из-за форс-мажорных обстоятельств. В ОГТС пояснили, что точка не контролируется украинской стороной, и заявили о возможности временного переноса недоступных мощностей на точку «Суджа».«Газпром» после этого заявил, что не получил подтверждений обстоятельств форс-мажор и не находит препятствий для продолжения работы станции «Сохрановка». Компания заявила о невозможности перенести транзит в «Суджу» из-за особенностей российской потоковой схемы.11 мая ОГТС сообщил, что транзит газа на станции «Сохрановка» приостановлен. Там также заявили, что мощность точки «Суджа» вдвое превышает заявленные в текущем контракте объемы.Представитель «Газпрома» Сергей Куприянов подтвердил РБК, что компания направит весь объема транзита газа по территории Украины через станцию «Суджа».Пресс-секретарь президента России Дмитрий Песков заявил журналистам, что форс-мажора на «Сохрановке» нет. «Россия всегда надежно выполняла и намерена выполнять свои контрактные обязательства, она привержена контрактным обязательствам», — сказал он.",Россия снизила прокачку газа транзитом через Украину на 25%
"«Газпром» не получил подтверждений обстоятельств «форс-мажора», о котором ранее сообщал Оператор газотранспортной системы Украины, анонсируя прекращение транзита газа через газораспределительную станцию «Сохрановка» 11 мая. В российской компании заявили, что не видят никаких препятствий для продолжения работы ГРС «Сохрановка» в прежнем режиме.«Украинские специалисты все это время спокойно работали на ГРС «Сохрановка» и КС «Новопсков» и продолжают это делать, транзит через «Сохрановку» обеспечивался в полном объеме, никаких нареканий от контрагентов не было и нет», — подчеркнули в «Газпроме».Также в компании сочли невозможным перенос мощностей с точки соединения «Сохрановка» на точку «Суджа», исходя из российской потоковой схемы. «Распределение объемов четко прописано в соглашении о взаимодействии от 30 декабря 2019 года, и украинской стороне это хорошо известно», — отметили в «Газпроме».Российская компания заявила, что полностью выполняет все свои обязательства перед европейскими потребителями и поставляет газ для транзита в соответствии с контрактом и операторским соглашением.Ранее Оператор ГТС Украины сообщил, что с 11 мая прекратит транзит российского газа в Европу через газораспределительную станцию «Сохрановка» в Луганской области из-за «форс-мажорных обстоятельств».В сообщении говорилось, что эта станция не контролируется украинской стороной.Также украинский оператор счел невозможной дальнейшую транспортировку газа через пограничную компрессорную станцию (КС) «Новопсков». Украинская сторона предложила временно перенести недоступные мощности с точки соединения «Сохрановка» на точку «Суджа».«Газпром» и «Нафтогаз» в 2019 году заключили договор на пять лет о транзите газа в Европу. Его срок истекает в декабре 2024 года. За этот период Россия обязалась прокачать через Украину 225 млрд куб. м газа.В конце марта глава украинского «Нафтогаза» Юрий Витренко заявил, что транзит газа через украинскую территорию будет продолжаться, пока это будет возможно технически. В «Газпроме» не раз сообщали о штатном транзите газа через Украину.До сих пор газораспределительная станция «Сохрановка» и компрессорная станция «Новопсков» были одними из основных станций, через которые шел транзит российского газа в Европу. По данным Оператора ГТС Украины, КС «Новопсков» является первой из компрессорных станций украинской ГТС в Луганской области, через которую осуществлялась почти треть транзита газа (до 32,6 млн куб. м в сутки) из России. Так, 10 мая «Газпром» осуществил подачу 95,8 млн куб. м газа для транзита через территорию Украины «в соответствии с подтвержденными заявками европейских потребителей».По данным «Газпрома», на Украину сейчас приходится около 30% транзита российского газа в Европу. Если украинская сторона прекратит прием газа из России с «Сохрановки» и «Новопскова», то транзит может сократиться на 10%.Среди других маршрутов поставок российского газа — газопровод через Белоруссию и Польшу «Ямал — Европа» и «Северный поток-1» (по дну Балтийского моря).",«Газпром» не увидел подтверждений форс-мажора с транзитом газа на Украине
"«Газпром» отправил своим европейским клиентам письмо, в котором заверил, что оплата газа в рублях не будет считаться нарушением введенных против России санкций, сообщает Bloomberg.Компания пишет об изданном 4 мая указе, в котором Кремль «проясняет процедуру» оплаты. «Газпром» заявляет, что этот документ обеспечивает прозрачность потоков денежных средств и исключает возможность участия в расчетах «третьих сторон».В указе от 4 мая уточняется процедура оплаты. В нем говорится, что после поступления от иностранного покупателя на специальный валютный счет типа «К» средств уполномоченный банк перечисляет их на корреспондентские счета Небанковской кредитной организации — центрального контрагента «Национальный клиринговый центр», откуда они зачисляются на счета для проведения расчетов по сделкам купли-продажи валюты (ее уполномоченный банк осуществляет на торгах на Московской бирже).«Национальный клиринговый центр» полностью принадлежит Мосбирже и является центральным контрагентом на российском финансовом рынке.23 марта президент Владимир Путин поручил перевести расчеты за газ с недружественными странами (в этом списке оказались все государства ЕС) в рубли. Теперь покупатели российского газа должны открывать в российском банке два счета: оплата будет зачисляться на валютный, после чего банк будет конвертировать ее в рубли и переводить на рублевый счет, откуда средства будут поступать продавцу.В Еврокомиссии заявили, что оплата российского газа в рублях будет нарушать санкции, введенные против Москвы после начала военной операции на Украине. Председатель ЕК Урсула фон дер Ляйен призвала европейские компании не соглашаться на эти условия.В начале мая министр экологического перехода Франции Барбара Помпили заявила, что страны ЕС единодушны в том, чтобы оплачивать газ в евро или долларах. В то же время ее коллега из Италии Роберто Чинголани выразил готовность страны временно платить за российский газ рублями. Он попросил Еврокомиссию разрешить такие транзакции. О готовности платить рублями сообщили власти Венгрии.В конце апреля «Газпром» приостановил поставки в Польшу и Болгарию из-за отказа использовать новую схему оплаты.",Bloomberg узнал о письме «Газпрома» клиентам в Европе об оплате газа
"«Газпром» решил задействовать мощности проекта «Северный поток-2» для развития газоснабжения Северо-Запада России, говорится в поступившем сообщении компании.«В случае принятия немецкой стороной решения о вводе в эксплуатацию морского газопровода «Северный поток-2» в работу может быть включена только одна нитка газопровода со 100-процентной загрузкой», — добавили в «Газпроме». Ввод в эксплуатацию второй нитки в такой ситуации будет возможен не ранее 2028 года.«Северный поток-2» — газопровод, проходящий по дну Балтийского моря и состоящий из двух ниток длиной по 1,2 тыс. км. Он проходит через морские территории пяти стран: Германии, Дании, России, Финляндии и Швеции. Планировалось, что его совокупная мощность составит 55 млрд куб. м газа в год. Строительство газопровода началось в 2018 году и завершилось в 2021-м — с двухлетней задержкой из-за санкций США. Кроме Вашингтона, против проекта выступал Киев — там в «Северном потоке-2» видят угрозу украинской газотранспортной системе.11 июня 2021 года Nord Stream 2 AG подала в Федеральное сетевое агентство Германии заявку для сертификации газопровода. Регулятор после этого выдвинул новые требования: необходимо создать отдельную зарегистрированную в ФРГ компанию, которая бы регулировала находящийся в германской зоне участок «Северного потока-2». В Берлине заявили, что решение вряд ли будет принято в первой половине 2022 года.21 февраля 2022 года Россия признала независимость ДНР и ЛНР. После этого канцлер Германии Олаф Шольц объявил о приостановке сертификации «Северного потока-2», отметив, что ситуация должна быть заново оценена после решения Москвы о республиках Донбасса. В Nord Stream 2 сказали, что «приняли к сведению» сообщения о приостановке сертификации.23 февраля министр экономики Германии Роберт Хабек допустил полную остановку проекта. По его мнению, разумнее было вообще не строить газопровод, потому что он оказался «глыбой риска» в Балтийском море, а энергетическую политику «следует оценивать с точки зрения политики безопасности и геополитической перспективы». В тот же день президент США Джо Байден поручил своей администрации ввести против проекта санкции. Nord Stream 2 AG и ее исполнительного директора Маттиаса Варнига внесли в санкционный список SDN, который предусматривает блокировку активов и изоляцию от долларовой системы.В Кремле выразили надежду, что приостановка сертификации германским регулятором будет носить временный характер. Российские власти подчеркивали, что проект не имеет отношения к политике и является исключительно коммерческим.24 февраля Россия начала проводить на Украине специальную военную операцию по «демилитаризации и денацификации». Власти многих стран, в том числе государств Евросоюза, ввели против Москвы несколько пакетов жестких санкций.В марте пресс-секретарь президента России Дмитрий Песков заявил, что инфраструктура проекта «никуда не денется», а экономическая целесообразность и здравый смысл говорят о необходимости скорейшего запуска «Северного потока-2». По его мнению, «истерика неминуемо когда-то проходит», потом ее место занимает трезвая оценка ситуации.4 апреля президент Германии Франк-Вальтер Штайнмайер назвал «большой ошибкой» свою поддержку «Северного потока-2».Поделитесь впечатлениями",«Газпром» задействует мощности «Северного потока-2» для работы в России
"Германия 2 мая прекратила физический реверс российского газа в Польшу по трубопроводу Ямал — Европа, сообщил представитель «Газпрома» Сергей Куприянов.«Однако немедленно возник виртуальный реверс для Польши из появившихся заявок потребителей Италии и Франции, которые обеспечиваются по польскому коридору. Мы это видим и фиксируем», — приводятся его слова в Telegram-канале компании.Полученный газ Польша в том числе использует для закачки в свои подземные хранилища, при том что они в среднем заполнены на 80%, а хранилища Европы — на 34%, отметил Куприянов.«Виртуальный реверс» предполагает обмен газом между операторами газотранспортных систем. В таком случае газ физически через границу не перемещается, а стороны производят взаимозачет.Также на этой неделе число заявок европейских потребителей на поставку российского газа транзитом через Украину увеличилось в среднем на 43%, отметил представитель «Газпрома».Президент России Владимир Путин подписал указ, согласно которому с 1 апреля недружественные государства, в том числе все страны ЕС, США и Великобритания, должны платить за поставки газа в рублях.Некоторые страны, в том числе Польша, заявили, что не намерены платить за газ в рублях, сочтя это нарушением условий контрактов, которые предполагают оплату в долларах или евро.Польская компания PGNiG 26 апреля сообщила, что «Газпром экспорт» уведомил ее об остановке поставок газа. Компания сочла решение «Газпрома» нарушением контракта и заявила о намерении предъявить претензии в адрес российской компании.«Газпром» 27 апреля остановил поставки газа PGNiG, заявив, что до конца 26 апреля так и не получил платежи в рублях от этой компании за апрельские поставки.В российской компании также предупредили, что в случае несанкционированного отбора газа из транзитных объемов в третьи страны поставки для транзита будут сокращены на этот объем. На следующий день «Газпром» заявил, что Польша получает российский газ из Германии.",Польша начала получать газ через виртуальный реверс из Италии и Франции
"Италия сможет стать независимой от поставок российского газа ко второй половине 2024 года. Такое предположение высказал министр экологического перехода Роберто Чинголани в интервью газете La Repubblica.«Мы должны быть автономными ко второй половине 2024 года, мы могли бы обойтись без импорта российского газа», — сказал министр.Итальянская государственная нефтегазовая компания Eni ранее сообщила о планах заменить российский газ поставками из Алжира, Египта и Конго. Сейчас Алжир поставляет в Италию около 21 млрд куб. м газа в год и является вторым по величине поставщиком после России (29 млрд куб. м газа в год).Как сообщал Bloomberg со ссылкой на источники, Eni все же планирует открыть рублевый счет в Газпромбанке, как того просит Россия. Однако в конце марта глава Eni Клаудио Дескальци назвал оплату российского газа в рублях невозможной.По данным «Газпрома», Италия в 2020 году заняла второе место среди европейских стран по объему закупленного газа, в страну поставили 20,8 млрд куб. м. Больший объем закупила только Германия — 45,89 млрд куб. м.",Итальянский министр допустил отказ от российского газа к 2024 году
"«Газпром» забронировал мощности для прокачку газа в Германию по газопроводу «Ямал — Европа» в ночь со 2 на 3 мая в размере 48,4% предложенного объема, следует из данных об итогах аукциона на площадке GSA Platform.На аукцион был выставлен объем 3,7 млн куб. м в час, Газпром забронировал часть мощностей на период между 21:00 мск 2 мая и 07:00 мск 3 мая.После этого, пишет ТАСС, реверсный физический поток газа по «Ямал — Европе» из Германии в Польшу через газоизмерительную станцию «Мальнов» прекратился. Его общий объем составлял 1,28 млн куб. м в час. При этом коммерческие поставки газа могут по-прежнему продолжаться как в прямом, так и в реверсном направлении, допустило агентство.Газопровод «Ямал — Европа» — это один из основных маршрутов поставок газа в Европу, его используют для транспортировки топлива в Германию и в Польшу. В последний раз «Газпром» бронировал дополнительные мощности газопровода 2 апреля. Тогда речь шла о 445 тыс. куб. м в час.В конце марта президент России Владимир Путин подписал указ о переводе оплаты для недружественных стран (таковыми Россия считает все страны Евросоюза, в том числе Польшу и Германию, а также другие государства) в рубли.27 апреля «Газпром» приостановил поставки газа в Польшу, так как компания PGNiG отказалась платить за поставки газа в рублях. В «Газпроме» отметили, что возобновят транспортировку, когда Польша оплатит топливо по новой схеме. В ЕС назвали действия России нарушением действующего контракта.В то же время немецкая энергетическая компания Uniper заявила, что продолжит платить России за газ в евро. В пресс-службе компании пояснили, что считают возможным найти компромисс, который устроит Москву и не будет нарушать европейские санкции.",«Газпром» забронировал часть мощностей «Ямал — Европы» впервые за месяц
"Решение России о прекращении поставок газа в Польшу и Болгарию в связи с их отказом переходить на оплату в рублях является нарушением контрактов, заявила министр экологических преобразований Франции Барбара Помпили на брифинге по итогам встречи министров энергетики ЕС. Трансляция доступна на сайте ЕС.«Мы все осуждаем одностороннее решение «Газпрома» в отношении Польши и Болгарии. Все поставщики обязаны выполнять контракты», — заявила Помпили, подчеркнув, что при поставках газа в страны ЕС «следует соблюдать правила ЕС и контракты в том виде, в котором они были заключены».Член Еврокомиссии по энергетике Кадри Симсон, в свою очередь, вновь заявила, что новый механизм по оплате российского газа в рублях — «это нарушение санкций». Она указала, что Еврокомиссия позже подготовит детальные объяснения по этому вопросу.Согласно указу российского президента Владимира Путина, с 1 апреля «недружественные» государства, к которым в Москве причислили, в частности, все страны ЕС, США и Великобританию, должны платить за поставки газа в рублях.Некоторые страны, в частности Польша и Болгария, сообщили, что не намерены следовать требованиям Москвы, сочтя это нарушением условий договоров, которые в большинстве предполагают оплату в долларах или евро. В Венгрии в то же время допустили оплату газа в рублях.27 апреля «Газпром» остановил поставки газа польской PGNiG и болгарской «Булгаргаз». В пресс-службе концерна заявили, что по состоянию на конец рабочего дня 26 апреля от этих компаний не получили платежи в рублях за апрельские поставки.26 апреля PGNiG сообщила, что «Газпром экспорт» уведомил ее об остановке поставок газа. Компания сочла решение «Газпрома» нарушением контракта и заявила о намерении предъявить претензии в адрес российской компании. Минэнерго Болгарии в тот же день подтвердило, что «Булгаргаз» получил такое уведомление. Согласно анализу министерства, «Булгаргаза» и Болгарского энергетического холдинга, новый порядок оплаты поставок газа, предложенный Россией, «не соответствует действующему до конца этого года контракту и создает значительные риски для Болгарии».27 апреля «Газпром» также предупредил, что в случае несанкционированного отбора российского газа из транзитных объемов в третьи страны поставки для транзита будут сокращены на этот объем. На следующий день «Газпром» заявил, что Польша получает российский газ из Германии.",В ЕС сочли нарушением контракта отключение Польши и Болгарии от газа
